{"v":"5.6.8","fr":60,"ip":0,"op":208,"w":1000,"h":1000,"nm":"Untitled-xx","ddd":0,"assets":[{"id":"image_0","w":1000,"h":1000,"u":"images/","p":"img_0.png","e":0},{"id":"image_1","w":1000,"h":1000,"u":"images/","p":"img_1.png","e":0}],"layers":[{"ddd":0,"ind":1,"ty":2,"nm":"Untitled-xx.png","cl":"png","refId":"image_0","sr":1,"ks":{"o":{"a":0,"k":100,"ix":11},"r":{"a":1,"k":[{"i":{"x":[0.833],"y":[0.833]},"o":{"x":[0.167],"y":[0.167]},"t":0,"s":[0]},{"i":{"x":[0.833],"y":[0.833]},"o":{"x":[0.167],"y":[0.167]},"t":78,"s":[4]},{"t":196,"s":[0]}],"ix":10},"p":{"a":1,"k":[{"i":{"x":0.833,"y":0.833},"o":{"x":0.167,"y":0.167},"t":0,"s":[500,500,0],"to":[17.5,41.833,0],"ti":[21.167,32.833,0]},{"i":{"x":0.833,"y":0.833},"o":{"x":0.167,"y":0.167},"t":78,"s":[605,751,0],"to":[-21.167,-32.833,0],"ti":[17.5,41.833,0]},{"i":{"x":0.833,"y":0.833},"o":{"x":0.167,"y":0.167},"t":131,"s":[373,303,0],"to":[-17.5,-41.833,0],"ti":[-21.167,-32.833,0]},{"t":196,"s":[500,500,0]}],"ix":2},"a":{"a":0,"k":[500,500,0],"ix":1},"s":{"a":1,"k":[{"i":{"x":[0.833,0.833,0.833],"y":[0.833,0.833,0.833]},"o":{"x":[0.167,0.167,0.167],"y":[0.167,0.167,0.167]},"t":0,"s":[100,100,100]},{"i":{"x":[0.833,0.833,0.833],"y":[0.833,0.833,0.833]},"o":{"x":[0.167,0.167,0.167],"y":[0.167,0.167,0.167]},"t":78,"s":[77,77,100]},{"t":196,"s":[100,100,100]}],"ix":6}},"ao":0,"ip":0,"op":1800,"st":0,"bm":0},{"ddd":0,"ind":2,"ty":2,"nm":"Untitled-2.png","cl":"png","refId":"image_1","sr":1,"ks":{"o":{"a":0,"k":100,"ix":11},"r":{"a":1,"k":[{"i":{"x":[0.833],"y":[0.833]},"o":{"x":[0.167],"y":[0.167]},"t":0,"s":[0]},{"i":{"x":[0.833],"y":[0.833]},"o":{"x":[0.167],"y":[0.167]},"t":78,"s":[-23]},{"i":{"x":[0.833],"y":[0.833]},"o":{"x":[0.167],"y":[0.167]},"t":136,"s":[-23]},{"t":196,"s":[0]}],"ix":10},"p":{"a":1,"k":[{"i":{"x":0.833,"y":0.833},"o":{"x":0.167,"y":0.167},"t":0,"s":[500,500,0],"to":[0,-24.5,0],"ti":[0,24.5,0]},{"i":{"x":0.833,"y":0.833},"o":{"x":0.167,"y":0.167},"t":78,"s":[500,353,0],"to":[0,0,0],"ti":[0,0,0]},{"i":{"x":0.833,"y":0.833},"o":{"x":0.167,"y":0.167},"t":136,"s":[500,353,0],"to":[0,24.5,0],"ti":[0,-24.5,0]},{"t":196,"s":[500,500,0]}],"ix":2},"a":{"a":0,"k":[500,500,0],"ix":1},"s":{"a":1,"k":[{"i":{"x":[0.833,0.833,0.833],"y":[0.833,0.833,0.833]},"o":{"x":[0.167,0.167,0.167],"y":[0.167,0.167,0.167]},"t":0,"s":[100,100,100]},{"i":{"x":[0.833,0.833,0.833],"y":[0.833,0.833,0.833]},"o":{"x":[0.167,0.167,0.167],"y":[0.167,0.167,0.167]},"t":78,"s":[70,70,100]},{"i":{"x":[0.833,0.833,0.833],"y":[0.833,0.833,0.833]},"o":{"x":[0.167,0.167,0.167],"y":[0.167,0.167,0.167]},"t":136,"s":[70,70,100]},{"t":196,"s":[100,100,100]}],"ix":6}},"ao":0,"ip":0,"op":1800,"st":0,"bm":0}],"markers":[]}