{"v":"5.6.8","fr":60,"ip":0,"op":239,"w":1000,"h":1000,"nm":"Comp 1","ddd":0,"assets":[{"id":"image_0","w":660,"h":660,"u":"images/","p":"img_0.png","e":0},{"id":"image_1","w":569,"h":569,"u":"images/","p":"img_1.png","e":0}],"layers":[{"ddd":0,"ind":1,"ty":2,"nm":"Unqsw.png","cl":"png","refId":"image_0","sr":1,"ks":{"o":{"a":0,"k":100,"ix":11},"r":{"a":1,"k":[{"i":{"x":[0.833],"y":[0.833]},"o":{"x":[0.167],"y":[0.167]},"t":0,"s":[0]},{"t":239,"s":[1260]}],"ix":10},"p":{"a":0,"k":[670,500,0],"ix":2},"a":{"a":0,"k":[330,330,0],"ix":1},"s":{"a":0,"k":[100,100,100],"ix":6}},"ao":0,"ip":0,"op":1800,"st":0,"bm":0},{"ddd":0,"ind":2,"ty":2,"nm":"Unqs.png","cl":"png","refId":"image_1","sr":1,"ks":{"o":{"a":0,"k":100,"ix":11},"r":{"a":1,"k":[{"i":{"x":[0.833],"y":[0.833]},"o":{"x":[0.167],"y":[0.167]},"t":0,"s":[900]},{"t":239,"s":[0]}],"ix":10},"p":{"a":0,"k":[284.875,500,0],"ix":2},"a":{"a":0,"k":[284.5,284.5,0],"ix":1},"s":{"a":0,"k":[100,100,100],"ix":6}},"ao":0,"ip":0,"op":1800,"st":0,"bm":0}],"markers":[]}